{
	"credit": "Made with Blockbench",
	"parent": "minecraft:block/cube_all",
	"textures": {
		"particle": "#all"
	},
	"elements": [
		{
			"name": "Normal Cube",
			"from": [0, 0, 0],
			"to": [16, 16, 16],
			"faces": {
				"north": {"uv": [0, 0, 16, 16], "texture": "#all"},
				"east": {"uv": [0, 0, 16, 16], "texture": "#all"},
				"south": {"uv": [0, 0, 16, 16], "texture": "#all"},
				"west": {"uv": [0, 0, 16, 16], "texture": "#all"},
				"up": {"uv": [0, 0, 16, 16], "texture": "#all"},
				"down": {"uv": [0, 0, 16, 16], "texture": "#all"}
			}
		},
		{
			"name": "Inverted Cube",
			"from": [15.9, 15.9, 15.9],
			"to": [0.1, 0.1, 0.1],
			"rotation": {"angle": 0, "axis": "y", "origin": [0.1, 0.1, 0.1]},
			"faces": {
				"north": {"uv": [0, 0, 16, 16], "rotation": 180, "texture": "#all"},
				"east": {"uv": [0, 0, 16, 16], "rotation": 180, "texture": "#all"},
				"south": {"uv": [0, 0, 16, 16], "rotation": 180, "texture": "#all"},
				"west": {"uv": [0, 0, 16, 16], "rotation": 180, "texture": "#all"},
				"up": {"uv": [0, 0, 16, 16], "rotation": 180, "texture": "#dark"},
				"down": {"uv": [0, 0, 16, 16], "rotation": 180, "texture": "#all"}
			}
		}
	]
}